{
  "experiment_id": 226,
  "params": {
    "init_pop_size": 10000,
    "n": 7,
    "mutation_rate": 0.1,
    "survival_rate": 0.1,
    "num_generations": 10
  },
  "metrics": {
    "average_fitness": [
      0.18370071428573528,
      0.18606428571428396,
      0.18497619047619035
    ],
    "final_fitness": 0.18497619047619035,
    "best_fitness": 0.18606428571428396,
    "num_high_accuracy": 0,
    "final_counts": {},
    "improvement_rate": 0.00042515873015168865,
    "success": false
  },
  "timestamp": "2025-12-01T23:29:27.111150"
}