{
  "experiment_id": 162,
  "params": {
    "init_pop_size": 2000,
    "n": 7,
    "mutation_rate": 0.15,
    "survival_rate": 0.5,
    "num_generations": 20
  },
  "metrics": {
    "average_fitness": [
      0.17767380952380954
    ],
    "final_fitness": 0.17767380952380954,
    "best_fitness": 0.17767380952380954,
    "num_high_accuracy": 0,
    "final_counts": {},
    "improvement_rate": 0,
    "success": false
  },
  "timestamp": "2025-12-01T23:27:57.612476"
}