{
  "experiment_id": 225,
  "params": {
    "init_pop_size": 10000,
    "n": 7,
    "mutation_rate": 0.05,
    "survival_rate": 0.2,
    "num_generations": 40
  },
  "metrics": {
    "average_fitness": [
      0.24443333333333345
    ],
    "final_fitness": 0.24443333333333345,
    "best_fitness": 0.24443333333333345,
    "num_high_accuracy": 0,
    "final_counts": {},
    "improvement_rate": 0,
    "success": false
  },
  "timestamp": "2025-12-01T23:57:49.861729"
}