{
  "experiment_id": 144,
  "params": {
    "init_pop_size": 5000,
    "n": 7,
    "mutation_rate": 0.05,
    "survival_rate": 0.2,
    "num_generations": 40
  },
  "metrics": {
    "average_fitness": [
      0.17558476190475936
    ],
    "final_fitness": 0.17558476190475936,
    "best_fitness": 0.17558476190475936,
    "num_high_accuracy": 0,
    "final_counts": {},
    "improvement_rate": 0,
    "success": false
  },
  "timestamp": "2025-12-01T23:55:47.135766"
}