{
  "experiment_id": 180,
  "params": {
    "init_pop_size": 10000,
    "n": 5,
    "mutation_rate": 0.1,
    "survival_rate": 0.3,
    "num_generations": 40
  },
  "metrics": {
    "average_fitness": [
      0.24668999999999888
    ],
    "final_fitness": 0.24668999999999888,
    "best_fitness": 0.24668999999999888,
    "num_high_accuracy": 0,
    "final_counts": {},
    "improvement_rate": 0,
    "success": false
  },
  "timestamp": "2025-12-01T23:35:47.058162"
}