{
  "experiment_id": 144,
  "params": {
    "init_pop_size": 2000,
    "n": 7,
    "mutation_rate": 0.05,
    "survival_rate": 0.5,
    "num_generations": 20
  },
  "metrics": {
    "average_fitness": [
      0.17749047619047595,
      0.17748095238095093,
      0.17723809523809617,
      0.17973333333333305
    ],
    "final_fitness": 0.17973333333333305,
    "best_fitness": 0.17973333333333305,
    "num_high_accuracy": 0,
    "final_counts": {},
    "improvement_rate": 0.0005607142857142755,
    "success": false
  },
  "timestamp": "2025-12-01T23:27:46.271456"
}