{
  "experiment_id": 228,
  "params": {
    "init_pop_size": 10000,
    "n": 7,
    "mutation_rate": 0.1,
    "survival_rate": 0.05,
    "num_generations": 40
  },
  "metrics": {
    "average_fitness": [
      0.18127238095240183
    ],
    "final_fitness": 0.18127238095240183,
    "best_fitness": 0.18127238095240183,
    "num_high_accuracy": 0,
    "final_counts": {},
    "improvement_rate": 0,
    "success": false
  },
  "timestamp": "2025-12-01T23:57:59.611657"
}