{
  "experiment_id": 74,
  "params": {
    "init_pop_size": 10000,
    "n": 5,
    "mutation_rate": 0.15,
    "survival_rate": 0.1,
    "num_generations": 40
  },
  "metrics": {
    "average_fitness": [
      0.255399999999998,
      0.256783333333333,
      0.2744999999999999
    ],
    "final_fitness": 0.2744999999999999,
    "best_fitness": 0.2744999999999999,
    "num_high_accuracy": 0,
    "final_counts": {},
    "improvement_rate": 0.006366666666667298,
    "success": false
  },
  "timestamp": "2025-12-01T23:39:11.257483"
}