{
  "experiment_id": 67,
  "params": {
    "init_pop_size": 10000,
    "n": 5,
    "mutation_rate": 0.1,
    "survival_rate": 0.2,
    "num_generations": 30
  },
  "metrics": {
    "average_fitness": [
      0.2659733333333295,
      0.267066666666665
    ],
    "final_fitness": 0.267066666666665,
    "best_fitness": 0.267066666666665,
    "num_high_accuracy": 0,
    "final_counts": {},
    "improvement_rate": 0.00054666666666775,
    "success": false
  },
  "timestamp": "2025-12-01T23:39:00.292272"
}