{
  "experiment_id": 239,
  "params": {
    "init_pop_size": 10000,
    "n": 7,
    "mutation_rate": 0.15,
    "survival_rate": 0.25,
    "num_generations": 30
  },
  "metrics": {
    "average_fitness": [
      0.17629976190478225
    ],
    "final_fitness": 0.17629976190478225,
    "best_fitness": 0.17629976190478225,
    "num_high_accuracy": 0,
    "final_counts": {},
    "improvement_rate": 0,
    "success": false
  },
  "timestamp": "2025-12-01T23:36:59.445732"
}