{
  "experiment_id": 155,
  "params": {
    "init_pop_size": 2000,
    "n": 7,
    "mutation_rate": 0.15,
    "survival_rate": 0.1,
    "num_generations": 15
  },
  "metrics": {
    "average_fitness": [
      0.17864047619047593
    ],
    "final_fitness": 0.17864047619047593,
    "best_fitness": 0.17864047619047593,
    "num_high_accuracy": 0,
    "final_counts": {},
    "improvement_rate": 0,
    "success": false
  },
  "timestamp": "2025-12-01T23:27:53.494795"
}