{
  "experiment_id": 128,
  "params": {
    "init_pop_size": 2000,
    "n": 6,
    "mutation_rate": 0.15,
    "survival_rate": 0.1,
    "num_generations": 15
  },
  "metrics": {
    "average_fitness": [
      0.22569166666666288
    ],
    "final_fitness": 0.22569166666666288,
    "best_fitness": 0.22569166666666288,
    "num_high_accuracy": 0,
    "final_counts": {},
    "improvement_rate": 0,
    "success": false
  },
  "timestamp": "2025-12-01T23:27:37.509616"
}