{
  "experiment_id": 185,
  "params": {
    "init_pop_size": 10000,
    "n": 5,
    "mutation_rate": 0.15,
    "survival_rate": 0.25,
    "num_generations": 30
  },
  "metrics": {
    "average_fitness": [
      0.25659833333333176
    ],
    "final_fitness": 0.25659833333333176,
    "best_fitness": 0.25659833333333176,
    "num_high_accuracy": 0,
    "final_counts": {},
    "improvement_rate": 0,
    "success": false
  },
  "timestamp": "2025-12-01T23:35:54.349329"
}