{
  "experiment_id": 150,
  "params": {
    "init_pop_size": 2000,
    "n": 7,
    "mutation_rate": 0.1,
    "survival_rate": 0.25,
    "num_generations": 20
  },
  "metrics": {
    "average_fitness": [
      0.17528452380952322
    ],
    "final_fitness": 0.17528452380952322,
    "best_fitness": 0.17528452380952322,
    "num_high_accuracy": 0,
    "final_counts": {},
    "improvement_rate": 0,
    "success": false
  },
  "timestamp": "2025-12-01T23:27:50.587354"
}