{
  "experiment_id": 75,
  "params": {
    "init_pop_size": 1000,
    "n": 7,
    "mutation_rate": 0.15,
    "survival_rate": 0.05,
    "num_generations": 40
  },
  "metrics": {
    "average_fitness": [
      0.17654761904761768,
      0.17238095238095247,
      0.18333333333333335
    ],
    "final_fitness": 0.18333333333333335,
    "best_fitness": 0.18333333333333335,
    "num_high_accuracy": 2,
    "final_counts": {
      "4": 2
    },
    "improvement_rate": 0.0022619047619052237,
    "success": true
  },
  "timestamp": "2025-12-01T23:54:55.753693"
}