{
  "experiment_id": 136,
  "params": {
    "init_pop_size": 5000,
    "n": 7,
    "mutation_rate": 0.05,
    "survival_rate": 0.05,
    "num_generations": 20
  },
  "metrics": {
    "average_fitness": [
      0.18262714285714063
    ],
    "final_fitness": 0.18262714285714063,
    "best_fitness": 0.18262714285714063,
    "num_high_accuracy": 0,
    "final_counts": {},
    "improvement_rate": 0,
    "success": false
  },
  "timestamp": "2025-12-01T23:55:39.518642"
}