{
  "experiment_id": 160,
  "params": {
    "init_pop_size": 2000,
    "n": 7,
    "mutation_rate": 0.15,
    "survival_rate": 0.5,
    "num_generations": 10
  },
  "metrics": {
    "average_fitness": [
      0.17727261904761857
    ],
    "final_fitness": 0.17727261904761857,
    "best_fitness": 0.17727261904761857,
    "num_high_accuracy": 0,
    "final_counts": {},
    "improvement_rate": 0,
    "success": false
  },
  "timestamp": "2025-12-01T23:27:56.364256"
}