{
  "experiment_id": 209,
  "params": {
    "init_pop_size": 10000,
    "n": 6,
    "mutation_rate": 0.15,
    "survival_rate": 0.05,
    "num_generations": 30
  },
  "metrics": {
    "average_fitness": [
      0.226248333333343,
      0.22996666666666807
    ],
    "final_fitness": 0.22996666666666807,
    "best_fitness": 0.22996666666666807,
    "num_high_accuracy": 0,
    "final_counts": {},
    "improvement_rate": 0.00185916666666254,
    "success": false
  },
  "timestamp": "2025-12-01T23:57:25.153111"
}