{
  "experiment_id": 47,
  "params": {
    "init_pop_size": 1000,
    "n": 6,
    "mutation_rate": 0.15,
    "survival_rate": 0.1,
    "num_generations": 30
  },
  "metrics": {
    "average_fitness": [
      0.20679999999999774,
      0.1981666666666664,
      0.18666666666666668,
      0.2
    ],
    "final_fitness": 0.2,
    "best_fitness": 0.20679999999999774,
    "num_high_accuracy": 1,
    "final_counts": {
      "4": 1
    },
    "improvement_rate": -0.0016999999999994311,
    "success": true
  },
  "timestamp": "2025-12-01T23:34:31.035394"
}