{
  "experiment_id": 114,
  "params": {
    "init_pop_size": 5000,
    "n": 6,
    "mutation_rate": 0.05,
    "survival_rate": 0.1,
    "num_generations": 40
  },
  "metrics": {
    "average_fitness": [
      0.2079433333333438,
      0.2108333333333347,
      0.19833333333333328,
      0.19333333333333336
    ],
    "final_fitness": 0.19333333333333336,
    "best_fitness": 0.2108333333333347,
    "num_high_accuracy": 4,
    "final_counts": {
      "4": 4,
      "3": 1
    },
    "improvement_rate": -0.003652500000002612,
    "success": true
  },
  "timestamp": "2025-12-01T23:55:22.769356"
}