{
  "experiment_id": 27,
  "params": {
    "init_pop_size": 1000,
    "n": 5,
    "mutation_rate": 0.15,
    "survival_rate": 0.3,
    "num_generations": 40
  },
  "metrics": {
    "average_fitness": [
      0.24558333333333235,
      0.24366666666666692
    ],
    "final_fitness": 0.24366666666666692,
    "best_fitness": 0.24558333333333235,
    "num_high_accuracy": 0,
    "final_counts": {},
    "improvement_rate": -0.0009583333333327143,
    "success": false
  },
  "timestamp": "2025-12-01T23:34:22.207388"
}