{
  "experiment_id": 17,
  "params": {
    "init_pop_size": 1000,
    "n": 5,
    "mutation_rate": 0.1,
    "survival_rate": 0.3,
    "num_generations": 30
  },
  "metrics": {
    "average_fitness": [
      0.3324833333333313,
      0.32116666666666693,
      0.317222222222222
    ],
    "final_fitness": 0.317222222222222,
    "best_fitness": 0.3324833333333313,
    "num_high_accuracy": 0,
    "final_counts": {},
    "improvement_rate": -0.005087037037036428,
    "success": false
  },
  "timestamp": "2025-12-01T23:34:17.412310"
}