{
  "experiment_id": 199,
  "params": {
    "init_pop_size": 10000,
    "n": 6,
    "mutation_rate": 0.1,
    "survival_rate": 0.05,
    "num_generations": 20
  },
  "metrics": {
    "average_fitness": [
      0.22458166666667811
    ],
    "final_fitness": 0.22458166666667811,
    "best_fitness": 0.22458166666667811,
    "num_high_accuracy": 0,
    "final_counts": {},
    "improvement_rate": 0,
    "success": false
  },
  "timestamp": "2025-12-01T23:57:06.212642"
}