{
  "experiment_id": 21,
  "params": {
    "init_pop_size": 2000,
    "n": 5,
    "mutation_rate": 0.15,
    "survival_rate": 0.1,
    "num_generations": 50
  },
  "metrics": {
    "average_fitness": [
      0.24594999999999706,
      0.2534166666666669
    ],
    "final_fitness": 0.2534166666666669,
    "best_fitness": 0.2534166666666669,
    "num_high_accuracy": 0,
    "final_counts": {},
    "improvement_rate": 0.0037333333333349206,
    "success": false
  },
  "timestamp": "2025-12-01T23:38:31.515521"
}