{
  "experiment_id": 130,
  "params": {
    "init_pop_size": 5000,
    "n": 6,
    "mutation_rate": 0.15,
    "survival_rate": 0.1,
    "num_generations": 20
  },
  "metrics": {
    "average_fitness": [
      0.22093000000001112
    ],
    "final_fitness": 0.22093000000001112,
    "best_fitness": 0.22093000000001112,
    "num_high_accuracy": 0,
    "final_counts": {},
    "improvement_rate": 0,
    "success": false
  },
  "timestamp": "2025-12-01T23:55:33.198152"
}