{
  "experiment_id": 109,
  "params": {
    "init_pop_size": 100000,
    "n": 5,
    "mutation_rate": 0.05,
    "survival_rate": 0.1,
    "num_generations": 30
  },
  "metrics": {
    "average_fitness": [
      0.24805983333342527
    ],
    "final_fitness": 0.24805983333342527,
    "best_fitness": 0.24805983333342527,
    "num_high_accuracy": 0,
    "final_counts": {},
    "improvement_rate": 0,
    "success": false
  },
  "timestamp": "2025-12-01T23:40:15.305945"
}