{
  "experiment_id": 175,
  "params": {
    "init_pop_size": 10000,
    "n": 5,
    "mutation_rate": 0.1,
    "survival_rate": 0.25,
    "num_generations": 20
  },
  "metrics": {
    "average_fitness": [
      0.24907666666666506,
      0.25139333333333364,
      0.25602666666666674,
      0.2522435897435897
    ],
    "final_fitness": 0.2522435897435897,
    "best_fitness": 0.25602666666666674,
    "num_high_accuracy": 0,
    "final_counts": {},
    "improvement_rate": 0.0007917307692311554,
    "success": false
  },
  "timestamp": "2025-12-01T23:35:42.152498"
}