{
  "experiment_id": 116,
  "params": {
    "init_pop_size": 100000,
    "n": 5,
    "mutation_rate": 0.05,
    "survival_rate": 0.25,
    "num_generations": 40
  },
  "metrics": {
    "average_fitness": [
      0.2541563333334271,
      0.25653599999997173,
      0.2614560000000022
    ],
    "final_fitness": 0.2614560000000022,
    "best_fitness": 0.2614560000000022,
    "num_high_accuracy": 0,
    "final_counts": {},
    "improvement_rate": 0.0024332222221917035,
    "success": false
  },
  "timestamp": "2025-12-01T23:41:06.702444"
}