{
  "experiment_id": 145,
  "params": {
    "init_pop_size": 100000,
    "n": 6,
    "mutation_rate": 0.1,
    "survival_rate": 0.1,
    "num_generations": 30
  },
  "metrics": {
    "average_fitness": [
      0.20549050000025285
    ],
    "final_fitness": 0.20549050000025285,
    "best_fitness": 0.20549050000025285,
    "num_high_accuracy": 0,
    "final_counts": {},
    "improvement_rate": 0,
    "success": false
  },
  "timestamp": "2025-12-01T23:48:38.588019"
}