{
  "experiment_id": 159,
  "params": {
    "init_pop_size": 100000,
    "n": 6,
    "mutation_rate": 0.15,
    "survival_rate": 0.2,
    "num_generations": 50
  },
  "metrics": {
    "average_fitness": [
      0.20598500000025274
    ],
    "final_fitness": 0.20598500000025274,
    "best_fitness": 0.20598500000025274,
    "num_high_accuracy": 0,
    "final_counts": {},
    "improvement_rate": 0,
    "success": false
  },
  "timestamp": "2025-12-01T23:51:13.707416"
}