{
  "experiment_id": 85,
  "params": {
    "init_pop_size": 2000,
    "n": 5,
    "mutation_rate": 0.05,
    "survival_rate": 0.25,
    "num_generations": 20
  },
  "metrics": {
    "average_fitness": [
      0.24700833333333033,
      0.2499666666666669,
      0.2523999999999999
    ],
    "final_fitness": 0.2523999999999999,
    "best_fitness": 0.2523999999999999,
    "num_high_accuracy": 0,
    "final_counts": {},
    "improvement_rate": 0.00179722222222319,
    "success": false
  },
  "timestamp": "2025-12-01T23:34:47.504446"
}