{
  "experiment_id": 141,
  "params": {
    "init_pop_size": 2000,
    "n": 7,
    "mutation_rate": 0.05,
    "survival_rate": 0.25,
    "num_generations": 40
  },
  "metrics": {
    "average_fitness": [
      0.17651071428571405
    ],
    "final_fitness": 0.17651071428571405,
    "best_fitness": 0.17651071428571405,
    "num_high_accuracy": 0,
    "final_counts": {},
    "improvement_rate": 0,
    "success": false
  },
  "timestamp": "2025-12-01T23:35:16.704296"
}