{
  "experiment_id": 192,
  "params": {
    "init_pop_size": 10000,
    "n": 6,
    "mutation_rate": 0.05,
    "survival_rate": 0.1,
    "num_generations": 40
  },
  "metrics": {
    "average_fitness": [
      0.20793833333335557,
      0.20744999999999753
    ],
    "final_fitness": 0.20744999999999753,
    "best_fitness": 0.20793833333335557,
    "num_high_accuracy": 0,
    "final_counts": {},
    "improvement_rate": -0.00024416666667902154,
    "success": false
  },
  "timestamp": "2025-12-01T23:36:08.763463"
}