{
  "experiment_id": 229,
  "params": {
    "init_pop_size": 10000,
    "n": 7,
    "mutation_rate": 0.1,
    "survival_rate": 0.25,
    "num_generations": 20
  },
  "metrics": {
    "average_fitness": [
      0.17603595238097225,
      0.1775171428571444
    ],
    "final_fitness": 0.1775171428571444,
    "best_fitness": 0.1775171428571444,
    "num_high_accuracy": 0,
    "final_counts": {},
    "improvement_rate": 0.0007405952380860753,
    "success": false
  },
  "timestamp": "2025-12-01T23:36:48.545608"
}