{
  "experiment_id": 77,
  "params": {
    "init_pop_size": 1000,
    "n": 7,
    "mutation_rate": 0.15,
    "survival_rate": 0.25,
    "num_generations": 15
  },
  "metrics": {
    "average_fitness": [
      0.18811428571428382
    ],
    "final_fitness": 0.18811428571428382,
    "best_fitness": 0.18811428571428382,
    "num_high_accuracy": 0,
    "final_counts": {},
    "improvement_rate": 0,
    "success": false
  },
  "timestamp": "2025-12-01T23:27:11.946610"
}