{
  "experiment_id": 196,
  "params": {
    "init_pop_size": 10000,
    "n": 6,
    "mutation_rate": 0.05,
    "survival_rate": 0.3,
    "num_generations": 20
  },
  "metrics": {
    "average_fitness": [
      0.20807333333335568,
      0.20804444444444542
    ],
    "final_fitness": 0.20804444444444542,
    "best_fitness": 0.20807333333335568,
    "num_high_accuracy": 0,
    "final_counts": {},
    "improvement_rate": -1.4444444455127825e-05,
    "success": false
  },
  "timestamp": "2025-12-01T23:36:14.065085"
}