{
  "experiment_id": 102,
  "params": {
    "init_pop_size": 5000,
    "n": 5,
    "mutation_rate": 0.15,
    "survival_rate": 0.05,
    "num_generations": 40
  },
  "metrics": {
    "average_fitness": [
      0.25022000000000655,
      0.2605333333333335
    ],
    "final_fitness": 0.2605333333333335,
    "best_fitness": 0.2605333333333335,
    "num_high_accuracy": 0,
    "final_counts": {},
    "improvement_rate": 0.005156666666663479,
    "success": false
  },
  "timestamp": "2025-12-01T23:55:12.893865"
}