{
  "experiment_id": 184,
  "params": {
    "init_pop_size": 10000,
    "n": 5,
    "mutation_rate": 0.15,
    "survival_rate": 0.1,
    "num_generations": 20
  },
  "metrics": {
    "average_fitness": [
      0.24987666666666564,
      0.24723333333333264
    ],
    "final_fitness": 0.24723333333333264,
    "best_fitness": 0.24987666666666564,
    "num_high_accuracy": 0,
    "final_counts": {},
    "improvement_rate": -0.001321666666666499,
    "success": false
  },
  "timestamp": "2025-12-01T23:56:42.937565"
}