{
  "experiment_id": 137,
  "params": {
    "init_pop_size": 2000,
    "n": 7,
    "mutation_rate": 0.05,
    "survival_rate": 0.1,
    "num_generations": 30
  },
  "metrics": {
    "average_fitness": [
      0.17715357142857185
    ],
    "final_fitness": 0.17715357142857185,
    "best_fitness": 0.17715357142857185,
    "num_high_accuracy": 0,
    "final_counts": {},
    "improvement_rate": 0,
    "success": false
  },
  "timestamp": "2025-12-01T23:35:14.218840"
}