{
  "experiment_id": 207,
  "params": {
    "init_pop_size": 10000,
    "n": 6,
    "mutation_rate": 0.1,
    "survival_rate": 0.2,
    "num_generations": 40
  },
  "metrics": {
    "average_fitness": [
      0.20662666666668983,
      0.20769166666666156
    ],
    "final_fitness": 0.20769166666666156,
    "best_fitness": 0.20769166666666156,
    "num_high_accuracy": 0,
    "final_counts": {},
    "improvement_rate": 0.0005324999999858637,
    "success": false
  },
  "timestamp": "2025-12-01T23:57:19.014413"
}