{
  "experiment_id": 100,
  "params": {
    "init_pop_size": 10000,
    "n": 6,
    "mutation_rate": 0.15,
    "survival_rate": 0.1,
    "num_generations": 30
  },
  "metrics": {
    "average_fitness": [
      0.22729000000000937,
      0.2312833333333307,
      0.2349999999999997,
      0.215,
      0.2
    ],
    "final_fitness": 0.2,
    "best_fitness": 0.2349999999999997,
    "num_high_accuracy": 1,
    "final_counts": {
      "4": 1
    },
    "improvement_rate": -0.005458000000001873,
    "success": true
  },
  "timestamp": "2025-12-01T23:39:37.694483"
}