{
  "experiment_id": 192,
  "params": {
    "init_pop_size": 10000,
    "n": 6,
    "mutation_rate": 0.05,
    "survival_rate": 0.05,
    "num_generations": 40
  },
  "metrics": {
    "average_fitness": [
      0.205791666666691,
      0.2049333333333348
    ],
    "final_fitness": 0.2049333333333348,
    "best_fitness": 0.205791666666691,
    "num_high_accuracy": 0,
    "final_counts": {},
    "improvement_rate": -0.00042916666667809633,
    "success": false
  },
  "timestamp": "2025-12-01T23:56:51.984666"
}