{
  "experiment_id": 84,
  "params": {
    "init_pop_size": 2000,
    "n": 5,
    "mutation_rate": 0.05,
    "survival_rate": 0.1,
    "num_generations": 20
  },
  "metrics": {
    "average_fitness": [
      0.24604166666666388,
      0.24983333333333352
    ],
    "final_fitness": 0.24983333333333352,
    "best_fitness": 0.24983333333333352,
    "num_high_accuracy": 0,
    "final_counts": {},
    "improvement_rate": 0.0018958333333348176,
    "success": false
  },
  "timestamp": "2025-12-01T23:27:15.724066"
}