{
  "experiment_id": 220,
  "params": {
    "init_pop_size": 10000,
    "n": 7,
    "mutation_rate": 0.05,
    "survival_rate": 0.25,
    "num_generations": 10
  },
  "metrics": {
    "average_fitness": [
      0.17692523809525856
    ],
    "final_fitness": 0.17692523809525856,
    "best_fitness": 0.17692523809525856,
    "num_high_accuracy": 0,
    "final_counts": {},
    "improvement_rate": 0,
    "success": false
  },
  "timestamp": "2025-12-01T23:29:14.140430"
}