{
  "experiment_id": 242,
  "params": {
    "init_pop_size": 10000,
    "n": 7,
    "mutation_rate": 0.15,
    "survival_rate": 0.5,
    "num_generations": 15
  },
  "metrics": {
    "average_fitness": [
      0.17670357142859167
    ],
    "final_fitness": 0.17670357142859167,
    "best_fitness": 0.17670357142859167,
    "num_high_accuracy": 0,
    "final_counts": {},
    "improvement_rate": 0,
    "success": false
  },
  "timestamp": "2025-12-01T23:29:41.358601"
}