{
  "experiment_id": 200,
  "params": {
    "init_pop_size": 10000,
    "n": 6,
    "mutation_rate": 0.1,
    "survival_rate": 0.1,
    "num_generations": 15
  },
  "metrics": {
    "average_fitness": [
      0.20718666666669014,
      0.205433333333331
    ],
    "final_fitness": 0.205433333333331,
    "best_fitness": 0.20718666666669014,
    "num_high_accuracy": 0,
    "final_counts": {},
    "improvement_rate": -0.0008766666666795708,
    "success": false
  },
  "timestamp": "2025-12-01T23:28:52.270450"
}