{
  "experiment_id": 130,
  "params": {
    "init_pop_size": 100000,
    "n": 5,
    "mutation_rate": 0.15,
    "survival_rate": 0.2,
    "num_generations": 30
  },
  "metrics": {
    "average_fitness": [
      0.25434383333342336
    ],
    "final_fitness": 0.25434383333342336,
    "best_fitness": 0.25434383333342336,
    "num_high_accuracy": 0,
    "final_counts": {},
    "improvement_rate": 0,
    "success": false
  },
  "timestamp": "2025-12-01T23:44:29.599861"
}