{
  "experiment_id": 137,
  "params": {
    "init_pop_size": 5000,
    "n": 7,
    "mutation_rate": 0.05,
    "survival_rate": 0.05,
    "num_generations": 30
  },
  "metrics": {
    "average_fitness": [
      0.18239380952380674,
      0.18118095238095241,
      0.16746031746031745
    ],
    "final_fitness": 0.16746031746031745,
    "best_fitness": 0.18239380952380674,
    "num_high_accuracy": 11,
    "final_counts": {
      "4": 11,
      "3": 1
    },
    "improvement_rate": -0.0049778306878297636,
    "success": true
  },
  "timestamp": "2025-12-01T23:55:41.346509"
}