{
  "experiment_id": 162,
  "params": {
    "init_pop_size": 100000,
    "n": 6,
    "mutation_rate": 0.15,
    "survival_rate": 0.25,
    "num_generations": 50
  },
  "metrics": {
    "average_fitness": [
      0.22603083333362037
    ],
    "final_fitness": 0.22603083333362037,
    "best_fitness": 0.22603083333362037,
    "num_high_accuracy": 0,
    "final_counts": {},
    "improvement_rate": 0,
    "success": false
  },
  "timestamp": "2025-12-01T23:51:52.294630"
}