{
  "experiment_id": 132,
  "params": {
    "init_pop_size": 2000,
    "n": 6,
    "mutation_rate": 0.15,
    "survival_rate": 0.25,
    "num_generations": 20
  },
  "metrics": {
    "average_fitness": [
      0.20879166666666255
    ],
    "final_fitness": 0.20879166666666255,
    "best_fitness": 0.20879166666666255,
    "num_high_accuracy": 0,
    "final_counts": {},
    "improvement_rate": 0,
    "success": false
  },
  "timestamp": "2025-12-01T23:27:39.442783"
}