{
  "experiment_id": 7,
  "params": {
    "init_pop_size": 1000,
    "n": 5,
    "mutation_rate": 0.05,
    "survival_rate": 0.2,
    "num_generations": 20
  },
  "metrics": {
    "average_fitness": [
      0.3358333333333318,
      0.33066666666666705
    ],
    "final_fitness": 0.33066666666666705,
    "best_fitness": 0.3358333333333318,
    "num_high_accuracy": 0,
    "final_counts": {},
    "improvement_rate": -0.0025833333333323827,
    "success": false
  },
  "timestamp": "2025-12-01T23:54:27.346502"
}