{
  "experiment_id": 120,
  "params": {
    "init_pop_size": 100000,
    "n": 5,
    "mutation_rate": 0.1,
    "survival_rate": 0.1,
    "num_generations": 50
  },
  "metrics": {
    "average_fitness": [
      0.24898116666676068
    ],
    "final_fitness": 0.24898116666676068,
    "best_fitness": 0.24898116666676068,
    "num_high_accuracy": 0,
    "final_counts": {},
    "improvement_rate": 0,
    "success": false
  },
  "timestamp": "2025-12-01T23:42:11.285955"
}