{
  "experiment_id": 55,
  "params": {
    "init_pop_size": 10000,
    "n": 5,
    "mutation_rate": 0.05,
    "survival_rate": 0.1,
    "num_generations": 30
  },
  "metrics": {
    "average_fitness": [
      0.2539033333333305,
      0.25749999999999945
    ],
    "final_fitness": 0.25749999999999945,
    "best_fitness": 0.25749999999999945,
    "num_high_accuracy": 0,
    "final_counts": {},
    "improvement_rate": 0.0017983333333344842,
    "success": false
  },
  "timestamp": "2025-12-01T23:38:51.156463"
}