{
  "experiment_id": 33,
  "params": {
    "init_pop_size": 1000,
    "n": 6,
    "mutation_rate": 0.05,
    "survival_rate": 0.25,
    "num_generations": 20
  },
  "metrics": {
    "average_fitness": [
      0.20989999999999778
    ],
    "final_fitness": 0.20989999999999778,
    "best_fitness": 0.20989999999999778,
    "num_high_accuracy": 0,
    "final_counts": {},
    "improvement_rate": 0,
    "success": false
  },
  "timestamp": "2025-12-01T23:26:51.919671"
}