{
  "experiment_id": 175,
  "params": {
    "init_pop_size": 10000,
    "n": 5,
    "mutation_rate": 0.1,
    "survival_rate": 0.1,
    "num_generations": 20
  },
  "metrics": {
    "average_fitness": [
      0.25592833333333176,
      0.2594166666666661
    ],
    "final_fitness": 0.2594166666666661,
    "best_fitness": 0.2594166666666661,
    "num_high_accuracy": 0,
    "final_counts": {},
    "improvement_rate": 0.0017441666666671574,
    "success": false
  },
  "timestamp": "2025-12-01T23:56:23.376335"
}