{
  "experiment_id": 189,
  "params": {
    "init_pop_size": 10000,
    "n": 5,
    "mutation_rate": 0.15,
    "survival_rate": 0.3,
    "num_generations": 40
  },
  "metrics": {
    "average_fitness": [
      0.24712166666666616,
      0.2482777777777798,
      0.2507037037037036
    ],
    "final_fitness": 0.2507037037037036,
    "best_fitness": 0.2507037037037036,
    "num_high_accuracy": 0,
    "final_counts": {},
    "improvement_rate": 0.0011940123456791463,
    "success": false
  },
  "timestamp": "2025-12-01T23:36:04.424908"
}