{
  "experiment_id": 153,
  "params": {
    "init_pop_size": 2000,
    "n": 7,
    "mutation_rate": 0.1,
    "survival_rate": 0.3,
    "num_generations": 40
  },
  "metrics": {
    "average_fitness": [
      0.18333690476190503,
      0.1807420634920649
    ],
    "final_fitness": 0.1807420634920649,
    "best_fitness": 0.18333690476190503,
    "num_high_accuracy": 0,
    "final_counts": {},
    "improvement_rate": -0.0012974206349200684,
    "success": false
  },
  "timestamp": "2025-12-01T23:35:22.417661"
}