{
  "experiment_id": 53,
  "params": {
    "init_pop_size": 1000,
    "n": 6,
    "mutation_rate": 0.15,
    "survival_rate": 0.5,
    "num_generations": 15
  },
  "metrics": {
    "average_fitness": [
      0.2042666666666644,
      0.20640000000000136,
      0.20766666666666722
    ],
    "final_fitness": 0.20766666666666722,
    "best_fitness": 0.20766666666666722,
    "num_high_accuracy": 0,
    "final_counts": {},
    "improvement_rate": 0.0011333333333342726,
    "success": false
  },
  "timestamp": "2025-12-01T23:27:00.716951"
}