{
  "experiment_id": 214,
  "params": {
    "init_pop_size": 10000,
    "n": 6,
    "mutation_rate": 0.15,
    "survival_rate": 0.2,
    "num_generations": 20
  },
  "metrics": {
    "average_fitness": [
      0.20600166666669034
    ],
    "final_fitness": 0.20600166666669034,
    "best_fitness": 0.20600166666669034,
    "num_high_accuracy": 0,
    "final_counts": {},
    "improvement_rate": 0,
    "success": false
  },
  "timestamp": "2025-12-01T23:57:30.294773"
}