{
  "experiment_id": 21,
  "params": {
    "init_pop_size": 1000,
    "n": 5,
    "mutation_rate": 0.15,
    "survival_rate": 0.1,
    "num_generations": 40
  },
  "metrics": {
    "average_fitness": [
      0.35591666666666466,
      0.3706666666666667
    ],
    "final_fitness": 0.3706666666666667,
    "best_fitness": 0.3706666666666667,
    "num_high_accuracy": 0,
    "final_counts": {},
    "improvement_rate": 0.00737500000000102,
    "success": false
  },
  "timestamp": "2025-12-01T23:34:19.596472"
}