{
  "experiment_id": 148,
  "params": {
    "init_pop_size": 2000,
    "n": 7,
    "mutation_rate": 0.1,
    "survival_rate": 0.25,
    "num_generations": 10
  },
  "metrics": {
    "average_fitness": [
      0.17533333333333356
    ],
    "final_fitness": 0.17533333333333356,
    "best_fitness": 0.17533333333333356,
    "num_high_accuracy": 0,
    "final_counts": {},
    "improvement_rate": 0,
    "success": false
  },
  "timestamp": "2025-12-01T23:27:49.344710"
}