{
  "experiment_id": 127,
  "params": {
    "init_pop_size": 100000,
    "n": 5,
    "mutation_rate": 0.15,
    "survival_rate": 0.1,
    "num_generations": 30
  },
  "metrics": {
    "average_fitness": [
      0.25550483333342405
    ],
    "final_fitness": 0.25550483333342405,
    "best_fitness": 0.25550483333342405,
    "num_high_accuracy": 0,
    "final_counts": {},
    "improvement_rate": 0,
    "success": false
  },
  "timestamp": "2025-12-01T23:43:52.867831"
}