{
  "experiment_id": 83,
  "params": {
    "init_pop_size": 10000,
    "n": 6,
    "mutation_rate": 0.05,
    "survival_rate": 0.1,
    "num_generations": 40
  },
  "metrics": {
    "average_fitness": [
      0.2255200000000102,
      0.2280666666666638,
      0.27516666666666634,
      0.225,
      0.25
    ],
    "final_fitness": 0.25,
    "best_fitness": 0.27516666666666634,
    "num_high_accuracy": 1,
    "final_counts": {
      "4": 1
    },
    "improvement_rate": 0.0048959999999979575,
    "success": true
  },
  "timestamp": "2025-12-01T23:39:18.589362"
}