{
  "experiment_id": 73,
  "params": {
    "init_pop_size": 1000,
    "n": 7,
    "mutation_rate": 0.15,
    "survival_rate": 0.05,
    "num_generations": 20
  },
  "metrics": {
    "average_fitness": [
      0.17805476190476055,
      0.17809523809523814,
      0.2
    ],
    "final_fitness": 0.2,
    "best_fitness": 0.2,
    "num_high_accuracy": 2,
    "final_counts": {
      "4": 2
    },
    "improvement_rate": 0.00731507936507982,
    "success": true
  },
  "timestamp": "2025-12-01T23:54:54.537162"
}