{
  "experiment_id": 216,
  "params": {
    "init_pop_size": 10000,
    "n": 6,
    "mutation_rate": 0.15,
    "survival_rate": 0.2,
    "num_generations": 40
  },
  "metrics": {
    "average_fitness": [
      0.20660000000002396,
      0.20767499999999497
    ],
    "final_fitness": 0.20767499999999497,
    "best_fitness": 0.20767499999999497,
    "num_high_accuracy": 0,
    "final_counts": {},
    "improvement_rate": 0.0005374999999855079,
    "success": false
  },
  "timestamp": "2025-12-01T23:57:36.861320"
}