{
  "experiment_id": 225,
  "params": {
    "init_pop_size": 10000,
    "n": 7,
    "mutation_rate": 0.05,
    "survival_rate": 0.5,
    "num_generations": 20
  },
  "metrics": {
    "average_fitness": [
      0.17725428571430682,
      0.17761952380952153
    ],
    "final_fitness": 0.17761952380952153,
    "best_fitness": 0.17761952380952153,
    "num_high_accuracy": 0,
    "final_counts": {},
    "improvement_rate": 0.00018261904760735748,
    "success": false
  },
  "timestamp": "2025-12-01T23:29:23.611975"
}