{
  "experiment_id": 138,
  "params": {
    "init_pop_size": 5000,
    "n": 7,
    "mutation_rate": 0.05,
    "survival_rate": 0.05,
    "num_generations": 40
  },
  "metrics": {
    "average_fitness": [
      0.17615999999999668,
      0.17470476190476178,
      0.16944444444444443
    ],
    "final_fitness": 0.16944444444444443,
    "best_fitness": 0.17615999999999668,
    "num_high_accuracy": 12,
    "final_counts": {
      "4": 12
    },
    "improvement_rate": -0.0022385185185174183,
    "success": true
  },
  "timestamp": "2025-12-01T23:55:43.180671"
}