{
  "experiment_id": 113,
  "params": {
    "init_pop_size": 2000,
    "n": 6,
    "mutation_rate": 0.05,
    "survival_rate": 0.25,
    "num_generations": 30
  },
  "metrics": {
    "average_fitness": [
      0.20634166666666265
    ],
    "final_fitness": 0.20634166666666265,
    "best_fitness": 0.20634166666666265,
    "num_high_accuracy": 0,
    "final_counts": {},
    "improvement_rate": 0,
    "success": false
  },
  "timestamp": "2025-12-01T23:35:01.924682"
}