{
  "experiment_id": 138,
  "params": {
    "init_pop_size": 2000,
    "n": 7,
    "mutation_rate": 0.05,
    "survival_rate": 0.1,
    "num_generations": 20
  },
  "metrics": {
    "average_fitness": [
      0.17724285714285695
    ],
    "final_fitness": 0.17724285714285695,
    "best_fitness": 0.17724285714285695,
    "num_high_accuracy": 0,
    "final_counts": {},
    "improvement_rate": 0,
    "success": false
  },
  "timestamp": "2025-12-01T23:27:42.610316"
}