{
  "experiment_id": 160,
  "params": {
    "init_pop_size": 2000,
    "n": 7,
    "mutation_rate": 0.15,
    "survival_rate": 0.3,
    "num_generations": 20
  },
  "metrics": {
    "average_fitness": [
      0.1821773809523809,
      0.18423412698412847
    ],
    "final_fitness": 0.18423412698412847,
    "best_fitness": 0.18423412698412847,
    "num_high_accuracy": 0,
    "final_counts": {},
    "improvement_rate": 0.0010283730158737875,
    "success": false
  },
  "timestamp": "2025-12-01T23:35:26.684074"
}