{
  "experiment_id": 109,
  "params": {
    "init_pop_size": 5000,
    "n": 6,
    "mutation_rate": 0.05,
    "survival_rate": 0.05,
    "num_generations": 20
  },
  "metrics": {
    "average_fitness": [
      0.20562333333334346
    ],
    "final_fitness": 0.20562333333334346,
    "best_fitness": 0.20562333333334346,
    "num_high_accuracy": 0,
    "final_counts": {},
    "improvement_rate": 0,
    "success": false
  },
  "timestamp": "2025-12-01T23:55:19.311110"
}