{
  "experiment_id": 123,
  "params": {
    "init_pop_size": 2000,
    "n": 6,
    "mutation_rate": 0.1,
    "survival_rate": 0.25,
    "num_generations": 20
  },
  "metrics": {
    "average_fitness": [
      0.22478333333332975
    ],
    "final_fitness": 0.22478333333332975,
    "best_fitness": 0.22478333333332975,
    "num_high_accuracy": 0,
    "final_counts": {},
    "improvement_rate": 0,
    "success": false
  },
  "timestamp": "2025-12-01T23:27:34.475113"
}