{
  "experiment_id": 195,
  "params": {
    "init_pop_size": 10000,
    "n": 6,
    "mutation_rate": 0.05,
    "survival_rate": 0.25,
    "num_generations": 20
  },
  "metrics": {
    "average_fitness": [
      0.20930166666668773,
      0.2077933333333291
    ],
    "final_fitness": 0.2077933333333291,
    "best_fitness": 0.20930166666668773,
    "num_high_accuracy": 0,
    "final_counts": {},
    "improvement_rate": -0.0007541666666793095,
    "success": false
  },
  "timestamp": "2025-12-01T23:28:43.235641"
}