{
  "experiment_id": 14,
  "params": {
    "init_pop_size": 1000,
    "n": 5,
    "mutation_rate": 0.1,
    "survival_rate": 0.25,
    "num_generations": 15
  },
  "metrics": {
    "average_fitness": [
      0.25369999999999926,
      0.25620000000000026
    ],
    "final_fitness": 0.25620000000000026,
    "best_fitness": 0.25620000000000026,
    "num_high_accuracy": 0,
    "final_counts": {},
    "improvement_rate": 0.0012500000000005007,
    "success": false
  },
  "timestamp": "2025-12-01T23:26:43.854566"
}