{
  "experiment_id": 217,
  "params": {
    "init_pop_size": 10000,
    "n": 7,
    "mutation_rate": 0.05,
    "survival_rate": 0.1,
    "num_generations": 20
  },
  "metrics": {
    "average_fitness": [
      0.17999285714287797
    ],
    "final_fitness": 0.17999285714287797,
    "best_fitness": 0.17999285714287797,
    "num_high_accuracy": 0,
    "final_counts": {},
    "improvement_rate": 0,
    "success": false
  },
  "timestamp": "2025-12-01T23:36:33.025302"
}