{
  "experiment_id": 76,
  "params": {
    "init_pop_size": 1000,
    "n": 7,
    "mutation_rate": 0.15,
    "survival_rate": 0.25,
    "num_generations": 10
  },
  "metrics": {
    "average_fitness": [
      0.17794285714285565,
      0.17775238095238116,
      0.18026113671274951
    ],
    "final_fitness": 0.18026113671274951,
    "best_fitness": 0.18026113671274951,
    "num_high_accuracy": 0,
    "final_counts": {},
    "improvement_rate": 0.0007727598566312869,
    "success": false
  },
  "timestamp": "2025-12-01T23:27:11.341034"
}