{
  "experiment_id": 141,
  "params": {
    "init_pop_size": 100000,
    "n": 6,
    "mutation_rate": 0.05,
    "survival_rate": 0.2,
    "num_generations": 50
  },
  "metrics": {
    "average_fitness": [
      0.20804400000025802,
      0.2092449999999398
    ],
    "final_fitness": 0.2092449999999398,
    "best_fitness": 0.2092449999999398,
    "num_high_accuracy": 0,
    "final_counts": {},
    "improvement_rate": 0.000600499999840895,
    "success": false
  },
  "timestamp": "2025-12-01T23:47:58.543787"
}