{
  "experiment_id": 178,
  "params": {
    "init_pop_size": 10000,
    "n": 5,
    "mutation_rate": 0.1,
    "survival_rate": 0.5,
    "num_generations": 10
  },
  "metrics": {
    "average_fitness": [
      0.2561183333333316,
      0.2591500000000042,
      0.2611866666666671
    ],
    "final_fitness": 0.2611866666666671,
    "best_fitness": 0.2611866666666671,
    "num_high_accuracy": 0,
    "final_counts": {},
    "improvement_rate": 0.0016894444444451688,
    "success": false
  },
  "timestamp": "2025-12-01T23:28:15.973477"
}