{
  "experiment_id": 188,
  "params": {
    "init_pop_size": 10000,
    "n": 5,
    "mutation_rate": 0.15,
    "survival_rate": 0.3,
    "num_generations": 30
  },
  "metrics": {
    "average_fitness": [
      0.24533999999999836
    ],
    "final_fitness": 0.24533999999999836,
    "best_fitness": 0.24533999999999836,
    "num_high_accuracy": 0,
    "final_counts": {},
    "improvement_rate": 0,
    "success": false
  },
  "timestamp": "2025-12-01T23:36:00.619182"
}