{
  "generation": 4,
  "max_fitness": 0.890832429468624,
  "average_fitness": 0.4710118689645654,
  "iterations_since_improvement": 0,
  "population_size": 527,
  "timestamp": "2026-03-02T12:08:17.326561"
}