{
  "generation": 5,
  "max_fitness": 0.9309353216889239,
  "average_fitness": 0.4928261819118435,
  "iterations_since_improvement": 0,
  "population_size": 500,
  "timestamp": "2026-03-03T04:58:15.895382"
}