{
  "generation": 20,
  "max_fitness": 0.9999999998532889,
  "average_fitness": 0.4488846808015058,
  "iterations_since_improvement": 4,
  "population_size": 500,
  "timestamp": "2026-02-24T16:35:01.585159"
}