{
  "experiment_id": 163,
  "params": {
    "init_pop_size": 10000,
    "n": 5,
    "mutation_rate": 0.05,
    "survival_rate": 0.05,
    "num_generations": 20
  },
  "metrics": {
    "average_fitness": [
      0.33779666666665636,
      0.3400666666666665
    ],
    "final_fitness": 0.3400666666666665,
    "best_fitness": 0.3400666666666665,
    "num_high_accuracy": 0,
    "final_counts": {},
    "improvement_rate": 0.0011350000000050764,
    "success": false
  },
  "timestamp": "2025-12-01T23:56:07.400751"
}