{
  "experiment_id": 201,
  "params": {
    "init_pop_size": 10000,
    "n": 6,
    "mutation_rate": 0.1,
    "survival_rate": 0.05,
    "num_generations": 40
  },
  "metrics": {
    "average_fitness": [
      0.20875833333335517,
      0.2096666666666681,
      0.20666666666666675,
      0.2
    ],
    "final_fitness": 0.2,
    "best_fitness": 0.2096666666666681,
    "num_high_accuracy": 1,
    "final_counts": {
      "4": 1
    },
    "improvement_rate": -0.002189583333338789,
    "success": true
  },
  "timestamp": "2025-12-01T23:57:09.880603"
}