{
  "experiment_id": 197,
  "params": {
    "init_pop_size": 10000,
    "n": 6,
    "mutation_rate": 0.05,
    "survival_rate": 0.5,
    "num_generations": 15
  },
  "metrics": {
    "average_fitness": [
      0.20821000000002213,
      0.2100533333333459
    ],
    "final_fitness": 0.2100533333333459,
    "best_fitness": 0.2100533333333459,
    "num_high_accuracy": 0,
    "final_counts": {},
    "improvement_rate": 0.00092166666666188,
    "success": false
  },
  "timestamp": "2025-12-01T23:28:47.986054"
}