{
  "experiment_id": 110,
  "params": {
    "init_pop_size": 2000,
    "n": 6,
    "mutation_rate": 0.05,
    "survival_rate": 0.1,
    "num_generations": 30
  },
  "metrics": {
    "average_fitness": [
      0.46911666666667573,
      0.5291666666666681
    ],
    "final_fitness": 0.5291666666666681,
    "best_fitness": 0.5291666666666681,
    "num_high_accuracy": 0,
    "final_counts": {},
    "improvement_rate": 0.030024999999996194,
    "success": false
  },
  "timestamp": "2025-12-01T23:34:59.849958"
}