{
  "experiment_id": 147,
  "params": {
    "init_pop_size": 5000,
    "n": 7,
    "mutation_rate": 0.1,
    "survival_rate": 0.05,
    "num_generations": 40
  },
  "metrics": {
    "average_fitness": [
      0.17623809523809292
    ],
    "final_fitness": 0.17623809523809292,
    "best_fitness": 0.17623809523809292,
    "num_high_accuracy": 0,
    "final_counts": {},
    "improvement_rate": 0,
    "success": false
  },
  "timestamp": "2025-12-01T23:55:52.411525"
}