{
  "experiment_id": 146,
  "params": {
    "init_pop_size": 5000,
    "n": 7,
    "mutation_rate": 0.1,
    "survival_rate": 0.05,
    "num_generations": 30
  },
  "metrics": {
    "average_fitness": [
      0.17655380952380598
    ],
    "final_fitness": 0.17655380952380598,
    "best_fitness": 0.17655380952380598,
    "num_high_accuracy": 0,
    "final_counts": {},
    "improvement_rate": 0,
    "success": false
  },
  "timestamp": "2025-12-01T23:55:50.639726"
}