{
  "experiment_id": 208,
  "params": {
    "init_pop_size": 10000,
    "n": 6,
    "mutation_rate": 0.15,
    "survival_rate": 0.05,
    "num_generations": 20
  },
  "metrics": {
    "average_fitness": [
      0.20825333333335572
    ],
    "final_fitness": 0.20825333333335572,
    "best_fitness": 0.20825333333335572,
    "num_high_accuracy": 0,
    "final_counts": {},
    "improvement_rate": 0,
    "success": false
  },
  "timestamp": "2025-12-01T23:57:22.028491"
}