{
  "experiment_id": 179,
  "params": {
    "init_pop_size": 10000,
    "n": 5,
    "mutation_rate": 0.1,
    "survival_rate": 0.5,
    "num_generations": 15
  },
  "metrics": {
    "average_fitness": [
      0.25460833333333155
    ],
    "final_fitness": 0.25460833333333155,
    "best_fitness": 0.25460833333333155,
    "num_high_accuracy": 0,
    "final_counts": {},
    "improvement_rate": 0,
    "success": false
  },
  "timestamp": "2025-12-01T23:28:18.917899"
}